{"cameraMode":{"drawMode":0,"name":"Shaded","section":"Shading Mode"},"sceneLighting":true,"audioPlay":false,"sceneViewState":{"m_AlwaysRefresh":false,"showFog":true,"showSkybox":true,"showFlares":true,"showImageEffects":true,"showParticleSystems":true,"showVisualEffectGraphs":true,"m_FxEnabled":true},"in2DMode":false,"pivot":{"x":1172.9327392578125,"y":230.6478729248047,"z":-301.4906005859375},"rotation":{"x":-0.14962781965732575,"y":-0.04030559957027435,"z":0.006060378160327673,"w":-0.987971842288971},"size":104.40377044677735,"orthographic":false}