{"cameraMode":{"drawMode":0,"name":"Shaded","section":"Shading Mode"},"sceneLighting":false,"audioPlay":false,"sceneViewState":{"m_AlwaysRefresh":false,"showFog":true,"showSkybox":false,"showFlares":true,"showImageEffects":true,"showParticleSystems":true,"showVisualEffectGraphs":true,"m_FxEnabled":true},"in2DMode":false,"pivot":{"x":-3.8144259452819826,"y":1.3627971410751343,"z":-2.496807098388672},"rotation":{"x":-0.38700762391090395,"y":-0.15949414670467378,"z":0.06803084164857865,"w":-0.9056854248046875},"size":2.6348931789398195,"orthographic":false}